INSERT INTO table_tool.users (user_id, cons, pros) VALUES ('e3eff1fc-d21d-43b4-801b-07c05e714fce', 2, 1);
INSERT INTO table_tool.users (user_id, cons, pros) VALUES ('fe6995b1-83ad-4301-9831-10875b1a181c', 4, 3);
INSERT INTO table_tool.users (user_id, cons, pros) VALUES ('b5b44365-c4aa-429c-b98f-29a326ad7452', 8, 1);
INSERT INTO table_tool.users (user_id, cons, pros) VALUES ('570e7fd1-0b2c-42f6-a6d9-018af0ecefdd', 1, 4);
INSERT INTO table_tool.users (user_id, cons, pros) VALUES ('90babda3-6fdb-45b3-adf1-3195858c595a', 7, 7);
INSERT INTO table_tool.users (user_id, cons, pros) VALUES ('4adcc01a-131b-42c4-8050-10f968700d6b', 5, 1);
INSERT INTO table_tool.users (user_id, cons, pros) VALUES ('3b423154-65e2-4113-b7eb-74bd9531cfd2', 2, 3);
INSERT INTO table_tool.users (user_id, cons, pros) VALUES ('98bc2a07-350f-4975-b6c7-877994349323', 4, 2);
INSERT INTO table_tool.users (user_id, cons, pros) VALUES ('d8b4e411-38e6-4e40-9f89-a89332d75a2a', 2, 4);
INSERT INTO table_tool.users (user_id, cons, pros) VALUES ('d9ceac09-da6f-47c7-8ac7-6d6630ac2daa', 0, 0);
INSERT INTO table_tool.users (user_id, cons, pros) VALUES ('73c91c22-b7a5-4715-80d0-011cc029cd5f', 0, 0);

INSERT INTO table_tool.categories (category_id, name) VALUES ('667e8a46-f4c1-44bd-9516-5b3b05bb4dc1', 'roleplay');
INSERT INTO table_tool.categories (category_id, name) VALUES ('c172aa7c-c992-446c-9984-0faba04b147e', 'wargame');
INSERT INTO table_tool.categories (category_id, name) VALUES ('97f23a96-bb70-473d-a47e-0caa3a4a667d', 'strategy');
INSERT INTO table_tool.categories (category_id, name) VALUES ('c975cbdf-7dc9-44a0-b30c-a1088c3ecf12', 'collectible');
INSERT INTO table_tool.categories (category_id, name) VALUES ('c4c55ab5-e023-4dbd-8bea-87229455f5a4', 'cooperative');
INSERT INTO table_tool.categories (category_id, name) VALUES ('9c0e4395-063b-4d31-bc68-e63b3e707837', 'partygame');

INSERT INTO table_tool.games (game_id, name, category_id) VALUES ('224f8b0a-94df-470e-a03a-5446c3768dd1', 'Monopoly', '97f23a96-bb70-473d-a47e-0caa3a4a667d');
INSERT INTO table_tool.games (game_id, name, category_id) VALUES ('6c007733-c024-40db-a16c-eefcb6b095a7', 'Uno', '9c0e4395-063b-4d31-bc68-e63b3e707837');
INSERT INTO table_tool.games (game_id, name, category_id) VALUES ('00e25369-1320-4643-99b5-f938ac850bd6', 'Warhammer', 'c975cbdf-7dc9-44a0-b30c-a1088c3ecf12');
INSERT INTO table_tool.games (game_id, name, category_id) VALUES ('92f6de79-22ef-473f-a37d-37abc718e3fa', 'Magic: The Gathering', 'c975cbdf-7dc9-44a0-b30c-a1088c3ecf12');
INSERT INTO table_tool.games (game_id, name, category_id) VALUES ('2b68ee37-a09e-4f11-9572-ba99a8efb6f5', 'Jenga', '9c0e4395-063b-4d31-bc68-e63b3e707837');

INSERT INTO table_tool.meetings (meeting_id, address, description, max_players_count, period, start_date, organizer_id) VALUES ('b8a30d61-a198-4515-808b-79387c1a2910', 'Встреча у Джо, Воронеж', 'Краска', 10, 40, '2022-04-25 17:45:00.000000', 'fe6995b1-83ad-4301-9831-10875b1a181c');
INSERT INTO table_tool.meetings (meeting_id, address, description, max_players_count, period, start_date, organizer_id) VALUES ('508ba597-b73e-4112-bba0-c9dd99a780e8', 'В кафе Москва, Санкт Петербург', 'Смерть', 1, 90, '2022-05-30 20:32:00.000000', 'b5b44365-c4aa-429c-b98f-29a326ad7452');
INSERT INTO table_tool.meetings (meeting_id, address, description, max_players_count, period, start_date, organizer_id) VALUES ('48668183-fdc8-43b2-86c2-003b520f7e66', 'Где-то в глубине мира', 'Жизнь', 10, 60, '2022-05-30 20:32:00.000000', 'b5b44365-c4aa-429c-b98f-29a326ad7452');
INSERT INTO table_tool.meetings (meeting_id, address, description, max_players_count, period, start_date, organizer_id) VALUES ('a0781ed1-7344-436b-a1f8-a41d36bc0db0', 'На окраине Москвы', 'Жизнь', 10, 60, '2022-05-30 20:32:00.000000', 'b5b44365-c4aa-429c-b98f-29a326ad7452');
INSERT INTO table_tool.meetings (meeting_id, address, description, max_players_count, period, start_date, organizer_id) VALUES ('71eacfde-14e0-44bb-8c97-e0470071aceb', 'Напишу позже', 'Футбол', 10, 140, '2022-05-30 20:32:00.000000', 'b5b44365-c4aa-429c-b98f-29a326ad7452');
INSERT INTO table_tool.meetings (meeting_id, address, description, max_players_count, period, start_date, organizer_id) VALUES ('135634f3-cbba-46d9-97a6-355f88bcd0d0', 'Посольство США', 'Играем', 10, 30, '2022-05-30 20:32:00.000000', 'b5b44365-c4aa-429c-b98f-29a326ad7452');
INSERT INTO table_tool.meetings (meeting_id, address, description, max_players_count, period, start_date, organizer_id) VALUES ('205ce686-3a5b-4bc5-883e-2609c821fa70', 'Встреча у Джо, Воронеж', 'Чемпионы', 10, 160, '2022-05-30 20:32:00.000000', 'b5b44365-c4aa-429c-b98f-29a326ad7452');
INSERT INTO table_tool.meetings (meeting_id, address, description, max_players_count, period, start_date, organizer_id) VALUES ('81bd4e60-0982-482a-95ad-9142cfc7fb18', 'Посмотрим', 'Футбол', 10, 130, '2022-05-30 20:32:00.000000', 'b5b44365-c4aa-429c-b98f-29a326ad7452');
INSERT INTO table_tool.meetings (meeting_id, address, description, max_players_count, period, start_date, organizer_id) VALUES ('fa61e2f4-2969-4572-b374-22564b3f7627', 'Место встречи изменить нельзя', 'Наша', 7, 110, '2022-04-29 20:12:00.000000', '570e7fd1-0b2c-42f6-a6d9-018af0ecefdd');
INSERT INTO table_tool.meetings (meeting_id, address, description, max_players_count, period, start_date, organizer_id) VALUES ('98a1a362-fe92-46d4-8ec2-7395afaf85e5', 'С местом', 'Вся', 7, 110, '2022-04-29 20:12:00.000000', '570e7fd1-0b2c-42f6-a6d9-018af0ecefdd');
INSERT INTO table_tool.meetings (meeting_id, address, description, max_players_count, period, start_date, organizer_id) VALUES ('0c107cc3-4479-43ad-871f-880c32c9731e', 'Без места', 'Жизнь', 7, 110, '2022-04-29 20:12:00.000000', 'fe6995b1-83ad-4301-9831-10875b1a181c');
INSERT INTO table_tool.meetings (meeting_id, address, description, max_players_count, period, start_date, organizer_id) VALUES ('32c46afb-4b9c-4f2a-bff4-4192dc31c745', 'Посольство США', 'Полное', 10, 200, '2022-05-30 20:32:00.000000', 'b5b44365-c4aa-429c-b98f-29a326ad7452');
INSERT INTO table_tool.meetings (meeting_id, address, description, max_players_count, period, start_date, organizer_id) VALUES ('aaca07d4-5989-44a4-a7f7-2f8802b7e9c5', 'Посольство США', 'Пустое', 10, 200, '2022-05-30 20:32:00.000000', 'b5b44365-c4aa-429c-b98f-29a326ad7452');
INSERT INTO table_tool.meetings (meeting_id, address, description, max_players_count, period, start_date, organizer_id) VALUES ('213c1250-1387-4880-841a-1224eafb5374', 'Где-то там', 'Пустое', 1, 200, '2022-05-30 20:32:00.000000', 'b5b44365-c4aa-429c-b98f-29a326ad7452');
INSERT INTO table_tool.meetings (meeting_id, address, description, max_players_count, period, start_date, organizer_id) VALUES ('55554aaf-86d3-4b87-93ae-4c026ab028e6', 'улица Пушкина, дом Колотушкина', 'Пустое', 2, 100, '2022-04-25 19:27:00.000000', '570e7fd1-0b2c-42f6-a6d9-018af0ecefdd');

INSERT INTO table_tool.meetings_categories (meeting_id, category_id) VALUES ('213c1250-1387-4880-841a-1224eafb5374', '97f23a96-bb70-473d-a47e-0caa3a4a667d');
INSERT INTO table_tool.meetings_categories (meeting_id, category_id) VALUES ('213c1250-1387-4880-841a-1224eafb5374', '667e8a46-f4c1-44bd-9516-5b3b05bb4dc1');
INSERT INTO table_tool.meetings_categories (meeting_id, category_id) VALUES ('213c1250-1387-4880-841a-1224eafb5374', 'c172aa7c-c992-446c-9984-0faba04b147e');
INSERT INTO table_tool.meetings_categories (meeting_id, category_id) VALUES ('b8a30d61-a198-4515-808b-79387c1a2910', '97f23a96-bb70-473d-a47e-0caa3a4a667d');
INSERT INTO table_tool.meetings_categories (meeting_id, category_id) VALUES ('b8a30d61-a198-4515-808b-79387c1a2910', 'c4c55ab5-e023-4dbd-8bea-87229455f5a4');
INSERT INTO table_tool.meetings_categories (meeting_id, category_id) VALUES ('b8a30d61-a198-4515-808b-79387c1a2910', '667e8a46-f4c1-44bd-9516-5b3b05bb4dc1');
INSERT INTO table_tool.meetings_categories (meeting_id, category_id) VALUES ('b8a30d61-a198-4515-808b-79387c1a2910', 'c172aa7c-c992-446c-9984-0faba04b147e');
INSERT INTO table_tool.meetings_categories (meeting_id, category_id) VALUES ('b8a30d61-a198-4515-808b-79387c1a2910', '9c0e4395-063b-4d31-bc68-e63b3e707837');
INSERT INTO table_tool.meetings_categories (meeting_id, category_id) VALUES ('b8a30d61-a198-4515-808b-79387c1a2910', 'c975cbdf-7dc9-44a0-b30c-a1088c3ecf12');
INSERT INTO table_tool.meetings_categories (meeting_id, category_id) VALUES ('213c1250-1387-4880-841a-1224eafb5374', 'c975cbdf-7dc9-44a0-b30c-a1088c3ecf12');
INSERT INTO table_tool.meetings_categories (meeting_id, category_id) VALUES ('508ba597-b73e-4112-bba0-c9dd99a780e8', '97f23a96-bb70-473d-a47e-0caa3a4a667d');
INSERT INTO table_tool.meetings_categories (meeting_id, category_id) VALUES ('508ba597-b73e-4112-bba0-c9dd99a780e8', '667e8a46-f4c1-44bd-9516-5b3b05bb4dc1');
INSERT INTO table_tool.meetings_categories (meeting_id, category_id) VALUES ('508ba597-b73e-4112-bba0-c9dd99a780e8', 'c172aa7c-c992-446c-9984-0faba04b147e');
INSERT INTO table_tool.meetings_categories (meeting_id, category_id) VALUES ('508ba597-b73e-4112-bba0-c9dd99a780e8', 'c975cbdf-7dc9-44a0-b30c-a1088c3ecf12');
INSERT INTO table_tool.meetings_categories (meeting_id, category_id) VALUES ('48668183-fdc8-43b2-86c2-003b520f7e66', '97f23a96-bb70-473d-a47e-0caa3a4a667d');
INSERT INTO table_tool.meetings_categories (meeting_id, category_id) VALUES ('48668183-fdc8-43b2-86c2-003b520f7e66', '667e8a46-f4c1-44bd-9516-5b3b05bb4dc1');
INSERT INTO table_tool.meetings_categories (meeting_id, category_id) VALUES ('48668183-fdc8-43b2-86c2-003b520f7e66', 'c172aa7c-c992-446c-9984-0faba04b147e');
INSERT INTO table_tool.meetings_categories (meeting_id, category_id) VALUES ('48668183-fdc8-43b2-86c2-003b520f7e66', 'c975cbdf-7dc9-44a0-b30c-a1088c3ecf12');
INSERT INTO table_tool.meetings_categories (meeting_id, category_id) VALUES ('a0781ed1-7344-436b-a1f8-a41d36bc0db0', '97f23a96-bb70-473d-a47e-0caa3a4a667d');
INSERT INTO table_tool.meetings_categories (meeting_id, category_id) VALUES ('a0781ed1-7344-436b-a1f8-a41d36bc0db0', '97f23a96-bb70-473d-a47e-0caa3a4a667d');
INSERT INTO table_tool.meetings_categories (meeting_id, category_id) VALUES ('a0781ed1-7344-436b-a1f8-a41d36bc0db0', '667e8a46-f4c1-44bd-9516-5b3b05bb4dc1');
INSERT INTO table_tool.meetings_categories (meeting_id, category_id) VALUES ('a0781ed1-7344-436b-a1f8-a41d36bc0db0', 'c172aa7c-c992-446c-9984-0faba04b147e');
INSERT INTO table_tool.meetings_categories (meeting_id, category_id) VALUES ('a0781ed1-7344-436b-a1f8-a41d36bc0db0', 'c975cbdf-7dc9-44a0-b30c-a1088c3ecf12');
INSERT INTO table_tool.meetings_categories (meeting_id, category_id) VALUES ('71eacfde-14e0-44bb-8c97-e0470071aceb', '97f23a96-bb70-473d-a47e-0caa3a4a667d');
INSERT INTO table_tool.meetings_categories (meeting_id, category_id) VALUES ('71eacfde-14e0-44bb-8c97-e0470071aceb', '667e8a46-f4c1-44bd-9516-5b3b05bb4dc1');
INSERT INTO table_tool.meetings_categories (meeting_id, category_id) VALUES ('71eacfde-14e0-44bb-8c97-e0470071aceb', 'c172aa7c-c992-446c-9984-0faba04b147e');
INSERT INTO table_tool.meetings_categories (meeting_id, category_id) VALUES ('71eacfde-14e0-44bb-8c97-e0470071aceb', 'c975cbdf-7dc9-44a0-b30c-a1088c3ecf12');
INSERT INTO table_tool.meetings_categories (meeting_id, category_id) VALUES ('205ce686-3a5b-4bc5-883e-2609c821fa70', '97f23a96-bb70-473d-a47e-0caa3a4a667d');
INSERT INTO table_tool.meetings_categories (meeting_id, category_id) VALUES ('205ce686-3a5b-4bc5-883e-2609c821fa70', '97f23a96-bb70-473d-a47e-0caa3a4a667d');
INSERT INTO table_tool.meetings_categories (meeting_id, category_id) VALUES ('205ce686-3a5b-4bc5-883e-2609c821fa70', '667e8a46-f4c1-44bd-9516-5b3b05bb4dc1');
INSERT INTO table_tool.meetings_categories (meeting_id, category_id) VALUES ('205ce686-3a5b-4bc5-883e-2609c821fa70', 'c172aa7c-c992-446c-9984-0faba04b147e');
INSERT INTO table_tool.meetings_categories (meeting_id, category_id) VALUES ('205ce686-3a5b-4bc5-883e-2609c821fa70', 'c975cbdf-7dc9-44a0-b30c-a1088c3ecf12');
INSERT INTO table_tool.meetings_categories (meeting_id, category_id) VALUES ('81bd4e60-0982-482a-95ad-9142cfc7fb18', '97f23a96-bb70-473d-a47e-0caa3a4a667d');
INSERT INTO table_tool.meetings_categories (meeting_id, category_id) VALUES ('81bd4e60-0982-482a-95ad-9142cfc7fb18', '97f23a96-bb70-473d-a47e-0caa3a4a667d');
INSERT INTO table_tool.meetings_categories (meeting_id, category_id) VALUES ('81bd4e60-0982-482a-95ad-9142cfc7fb18', '667e8a46-f4c1-44bd-9516-5b3b05bb4dc1');
INSERT INTO table_tool.meetings_categories (meeting_id, category_id) VALUES ('81bd4e60-0982-482a-95ad-9142cfc7fb18', 'c172aa7c-c992-446c-9984-0faba04b147e');
INSERT INTO table_tool.meetings_categories (meeting_id, category_id) VALUES ('81bd4e60-0982-482a-95ad-9142cfc7fb18', 'c975cbdf-7dc9-44a0-b30c-a1088c3ecf12');
INSERT INTO table_tool.meetings_categories (meeting_id, category_id) VALUES ('fa61e2f4-2969-4572-b374-22564b3f7627', '97f23a96-bb70-473d-a47e-0caa3a4a667d');
INSERT INTO table_tool.meetings_categories (meeting_id, category_id) VALUES ('fa61e2f4-2969-4572-b374-22564b3f7627', '667e8a46-f4c1-44bd-9516-5b3b05bb4dc1');
INSERT INTO table_tool.meetings_categories (meeting_id, category_id) VALUES ('98a1a362-fe92-46d4-8ec2-7395afaf85e5', '97f23a96-bb70-473d-a47e-0caa3a4a667d');
INSERT INTO table_tool.meetings_categories (meeting_id, category_id) VALUES ('98a1a362-fe92-46d4-8ec2-7395afaf85e5', '667e8a46-f4c1-44bd-9516-5b3b05bb4dc1');
INSERT INTO table_tool.meetings_categories (meeting_id, category_id) VALUES ('0c107cc3-4479-43ad-871f-880c32c9731e', '97f23a96-bb70-473d-a47e-0caa3a4a667d');
INSERT INTO table_tool.meetings_categories (meeting_id, category_id) VALUES ('0c107cc3-4479-43ad-871f-880c32c9731e', '667e8a46-f4c1-44bd-9516-5b3b05bb4dc1');
INSERT INTO table_tool.meetings_categories (meeting_id, category_id) VALUES ('32c46afb-4b9c-4f2a-bff4-4192dc31c745', '97f23a96-bb70-473d-a47e-0caa3a4a667d');
INSERT INTO table_tool.meetings_categories (meeting_id, category_id) VALUES ('32c46afb-4b9c-4f2a-bff4-4192dc31c745', '97f23a96-bb70-473d-a47e-0caa3a4a667d');
INSERT INTO table_tool.meetings_categories (meeting_id, category_id) VALUES ('32c46afb-4b9c-4f2a-bff4-4192dc31c745', '667e8a46-f4c1-44bd-9516-5b3b05bb4dc1');
INSERT INTO table_tool.meetings_categories (meeting_id, category_id) VALUES ('32c46afb-4b9c-4f2a-bff4-4192dc31c745', 'c172aa7c-c992-446c-9984-0faba04b147e');
INSERT INTO table_tool.meetings_categories (meeting_id, category_id) VALUES ('32c46afb-4b9c-4f2a-bff4-4192dc31c745', 'c975cbdf-7dc9-44a0-b30c-a1088c3ecf12');
INSERT INTO table_tool.meetings_categories (meeting_id, category_id) VALUES ('aaca07d4-5989-44a4-a7f7-2f8802b7e9c5', '97f23a96-bb70-473d-a47e-0caa3a4a667d');
INSERT INTO table_tool.meetings_categories (meeting_id, category_id) VALUES ('aaca07d4-5989-44a4-a7f7-2f8802b7e9c5', '97f23a96-bb70-473d-a47e-0caa3a4a667d');
INSERT INTO table_tool.meetings_categories (meeting_id, category_id) VALUES ('aaca07d4-5989-44a4-a7f7-2f8802b7e9c5', '667e8a46-f4c1-44bd-9516-5b3b05bb4dc1');
INSERT INTO table_tool.meetings_categories (meeting_id, category_id) VALUES ('aaca07d4-5989-44a4-a7f7-2f8802b7e9c5', 'c172aa7c-c992-446c-9984-0faba04b147e');
INSERT INTO table_tool.meetings_categories (meeting_id, category_id) VALUES ('aaca07d4-5989-44a4-a7f7-2f8802b7e9c5', 'c975cbdf-7dc9-44a0-b30c-a1088c3ecf12');
INSERT INTO table_tool.meetings_categories (meeting_id, category_id) VALUES ('55554aaf-86d3-4b87-93ae-4c026ab028e6', '667e8a46-f4c1-44bd-9516-5b3b05bb4dc1');
INSERT INTO table_tool.meetings_categories (meeting_id, category_id) VALUES ('55554aaf-86d3-4b87-93ae-4c026ab028e6', 'c975cbdf-7dc9-44a0-b30c-a1088c3ecf12');
INSERT INTO table_tool.meetings_categories (meeting_id, category_id) VALUES ('135634f3-cbba-46d9-97a6-355f88bcd0d0', '667e8a46-f4c1-44bd-9516-5b3b05bb4dc1');
INSERT INTO table_tool.meetings_categories (meeting_id, category_id) VALUES ('135634f3-cbba-46d9-97a6-355f88bcd0d0', 'c172aa7c-c992-446c-9984-0faba04b147e');
INSERT INTO table_tool.meetings_categories (meeting_id, category_id) VALUES ('135634f3-cbba-46d9-97a6-355f88bcd0d0', '97f23a96-bb70-473d-a47e-0caa3a4a667d');
INSERT INTO table_tool.meetings_categories (meeting_id, category_id) VALUES ('135634f3-cbba-46d9-97a6-355f88bcd0d0', 'c975cbdf-7dc9-44a0-b30c-a1088c3ecf12');

INSERT INTO table_tool.meetings_games (meeting_id, game_id) VALUES ('55554aaf-86d3-4b87-93ae-4c026ab028e6', '92f6de79-22ef-473f-a37d-37abc718e3fa');
INSERT INTO table_tool.meetings_games (meeting_id, game_id) VALUES ('135634f3-cbba-46d9-97a6-355f88bcd0d0', '224f8b0a-94df-470e-a03a-5446c3768dd1');

INSERT INTO table_tool.users_meetings (meeting_id, user_id) VALUES ('71eacfde-14e0-44bb-8c97-e0470071aceb', 'b5b44365-c4aa-429c-b98f-29a326ad7452');
INSERT INTO table_tool.users_meetings (meeting_id, user_id) VALUES ('71eacfde-14e0-44bb-8c97-e0470071aceb', 'e3eff1fc-d21d-43b4-801b-07c05e714fce');
INSERT INTO table_tool.users_meetings (meeting_id, user_id) VALUES ('71eacfde-14e0-44bb-8c97-e0470071aceb', '3b423154-65e2-4113-b7eb-74bd9531cfd2');
INSERT INTO table_tool.users_meetings (meeting_id, user_id) VALUES ('213c1250-1387-4880-841a-1224eafb5374', 'b5b44365-c4aa-429c-b98f-29a326ad7452');

INSERT INTO table_tool.users_ratings_meetings (users_ratings_meetings_id, evaluator_id, meeting_id, rating_mark, user_id) VALUES ('b70082f6-74dd-413f-9be7-b5b9b9cd01e7', 'e3eff1fc-d21d-43b4-801b-07c05e714fce', '71eacfde-14e0-44bb-8c97-e0470071aceb', 1, 'b5b44365-c4aa-429c-b98f-29a326ad7452');
INSERT INTO table_tool.users_ratings_meetings (users_ratings_meetings_id, evaluator_id, meeting_id, rating_mark, user_id) VALUES ('d92b4abc-4bb0-4006-beac-8f3cff9449a6', 'b5b44365-c4aa-429c-b98f-29a326ad7452', '71eacfde-14e0-44bb-8c97-e0470071aceb', -1, 'e3eff1fc-d21d-43b4-801b-07c05e714fce');
INSERT INTO table_tool.users_ratings_meetings (users_ratings_meetings_id, evaluator_id, meeting_id, rating_mark, user_id) VALUES ('f7be45e3-851b-4d20-9f02-2460d0044ece', 'e3eff1fc-d21d-43b4-801b-07c05e714fce', '71eacfde-14e0-44bb-8c97-e0470071aceb', -1, '3b423154-65e2-4113-b7eb-74bd9531cfd2');
INSERT INTO table_tool.users_ratings_meetings (users_ratings_meetings_id, evaluator_id, meeting_id, rating_mark, user_id) VALUES ('a10b1e5e-8c17-4d10-a387-edf5484350c2', '3b423154-65e2-4113-b7eb-74bd9531cfd2', '71eacfde-14e0-44bb-8c97-e0470071aceb', 1, 'e3eff1fc-d21d-43b4-801b-07c05e714fce');
INSERT INTO table_tool.users_ratings_meetings (users_ratings_meetings_id, evaluator_id, meeting_id, rating_mark, user_id) VALUES ('9cc54d4a-721f-4aa4-bcb8-68adafb4595d', 'b5b44365-c4aa-429c-b98f-29a326ad7452', '71eacfde-14e0-44bb-8c97-e0470071aceb', 0, '3b423154-65e2-4113-b7eb-74bd9531cfd2');
INSERT INTO table_tool.users_ratings_meetings (users_ratings_meetings_id, evaluator_id, meeting_id, rating_mark, user_id) VALUES ('d8825921-a809-4d92-9327-f139dfb8b143', '3b423154-65e2-4113-b7eb-74bd9531cfd2', '71eacfde-14e0-44bb-8c97-e0470071aceb', 1, 'b5b44365-c4aa-429c-b98f-29a326ad7452');
